game_id,season,game_date,game_number,team_name,short_name,opponent_name,points,field_goals_made,field_goals_attempted,fg_pct,two_point_field_goals_made,two_point_field_goals_attempted,2p_pct,three_point_field_goals_made,three_point_field_goals_attempted,3p_pct,free_throws_made,free_throws_attempted,ft_pct,oreb,dreb,rebounds,assists,steals,blocks,turnovers,stocks,points_in_the_paint,second_chance_points,points_from_turnovers,bench_points,fast_break_points,ft
2798724,2026,2026-05-15T23:30:00Z,1,Brampton Honey Badgers,,Ottawa BlackJacks,91,32,75,42,14,38,36,18,37,48,9,14,64,18,28,46,20,11,2,20,13,24,12,15,7,14,9-14
2798730,2026,2026-05-17T20:00:00Z,2,Brampton Honey Badgers,,Calgary Surge,91,34,70,48,25,42,59,9,28,32,14,20,70,15,36,51,20,6,3,13,9,48,20,12,13,11,14-20
2798721,2026,2026-05-21T23:30:00Z,3,Brampton Honey Badgers,,Ottawa BlackJacks,93,32,73,43,21,42,50,11,31,35,18,25,72,16,27,43,17,11,3,15,14,40,17,24,16,21,18-25
2798733,2026,2026-05-25T23:30:00Z,4,Brampton Honey Badgers,,Winnipeg Sea Bears,96,35,69,50,22,44,50,13,25,52,13,15,86,15,19,34,17,13,7,15,20,40,18,24,21,17,13-15
2798736,2026,2026-05-28T15:00:00Z,5,Brampton Honey Badgers,,Montreal Alliance,82,31,77,40,22,47,46,9,30,30,11,17,64,18,29,47,21,11,8,12,19,44,10,20,16,10,11-17
2798744,2026,2026-05-30T23:00:00Z,6,Brampton Honey Badgers,,Vancouver Bandits,87,29,67,43,18,40,45,11,27,40,18,24,75,12,28,40,17,3,1,9,4,30,9,9,27,3,18-24
2798737,2026,2026-06-03T23:30:00Z,7,Brampton Honey Badgers,,Edmonton Stingers,87,28,62,45,21,33,63,7,29,24,24,31,77,8,29,37,25,8,0,13,8,30,9,15,10,12,24-31
2798741,2026,2026-06-05T23:00:00Z,8,Brampton Honey Badgers,,Niagara River Lions,97,36,77,46,23,44,52,13,33,39,12,16,75,12,42,54,19,10,5,24,15,44,14,14,10,15,12-16
2798753,2026,2026-06-10T23:30:00Z,9,Brampton Honey Badgers,,Montreal Alliance,92,36,65,55,24,37,64,12,28,42,8,11,72,9,23,32,22,6,3,15,9,46,9,13,13,18,8-11
2798765,2026,2026-06-15T23:30:00Z,10,Brampton Honey Badgers,,Niagara River Lions,84,22,64,34,15,36,41,7,28,25,33,39,84,10,28,38,19,5,4,12,9,30,10,22,26,18,33-39
2798774,2026,2026-06-18T01:30:00Z,11,Brampton Honey Badgers,,Calgary Surge,99,33,64,51,20,42,47,13,22,59,20,28,71,11,31,42,12,10,3,19,13,38,19,16,22,15,20-28
2798767,2026,2026-06-21T01:00:00Z,12,Brampton Honey Badgers,,Vancouver Bandits,81,32,83,38,24,49,48,8,34,23,9,10,90,24,27,51,17,6,2,19,8,42,19,20,16,8,9-10
2798777,2026,2026-06-27T23:00:00Z,13,Brampton Honey Badgers,,Scarborough Shooting Stars,69,24,85,28,16,48,33,8,37,21,13,19,68,19,32,51,17,10,5,13,15,24,10,15,31,10,13-19
2798718,2026,2026-05-12T23:30:00Z,1,Calgary Surge,,Ottawa BlackJacks,88,29,84,34,18,42,42,11,42,26,19,22,86,16,26,42,24,10,3,7,13,30,12,24,30,14,19-22
2798730,2026,2026-05-17T20:00:00Z,2,Calgary Surge,,Brampton Honey Badgers,72,26,77,33,20,37,54,6,40,15,14,18,77,18,23,41,21,7,3,9,10,36,11,14,20,13,14-18
2798731,2026,2026-05-25T00:00:00Z,3,Calgary Surge,,Vancouver Bandits,101,39,71,54,28,43,65,11,28,39,12,17,70,11,21,32,25,11,4,20,15,52,12,27,33,24,12-17
2798738,2026,2026-05-29T01:30:00Z,4,Calgary Surge,,Scarborough Shooting Stars,104,37,78,47,28,46,60,9,32,28,21,24,87,11,28,39,21,5,2,8,7,48,17,20,50,4,21-24
2798750,2026,2026-05-31T22:00:00Z,5,Calgary Surge,,Edmonton Stingers,98,34,69,49,27,41,65,7,28,25,23,28,82,7,29,36,21,6,1,9,7,54,8,5,17,10,23-28
2798754,2026,2026-06-03T23:00:00Z,6,Calgary Surge,,Niagara River Lions,76,32,62,51,31,43,72,1,19,5,11,14,78,8,29,37,25,4,4,15,8,48,9,10,15,6,11-14
2798745,2026,2026-06-06T23:00:00Z,7,Calgary Surge,,Scarborough Shooting Stars,80,30,82,36,24,54,44,6,28,21,14,17,82,16,28,44,17,8,7,11,15,44,12,16,8,17,14-17
2798755,2026,2026-06-11T01:30:00Z,8,Calgary Surge,,Saskatoon Mamba,88,32,80,40,25,56,44,7,24,29,17,22,77,15,37,52,21,5,2,11,7,46,10,9,26,10,17-22
2798756,2026,2026-06-13T00:00:00Z,9,Calgary Surge,,Winnipeg Sea Bears,72,27,73,36,22,49,44,5,24,20,13,15,86,14,32,46,15,4,3,16,7,42,13,14,6,14,13-15
2798764,2026,2026-06-14T22:00:00Z,10,Calgary Surge,,Winnipeg Sea Bears,88,36,71,50,29,49,59,7,22,31,9,15,60,9,23,32,15,6,6,14,12,50,9,10,21,4,9-15
2798774,2026,2026-06-18T01:30:00Z,11,Calgary Surge,,Brampton Honey Badgers,102,35,72,48,18,31,58,17,41,41,15,21,71,9,24,33,23,8,2,13,10,34,11,24,50,25,15-21
2798766,2026,2026-06-20T23:00:00Z,12,Calgary Surge,,Montreal Alliance,88,32,74,43,23,43,53,9,31,29,15,25,60,10,26,36,25,10,0,12,10,42,7,19,37,14,15-25
2798783,2026,2026-07-01T22:00:00Z,13,Calgary Surge,,Edmonton Stingers,87,28,66,42,16,35,45,12,31,38,19,30,63,7,27,34,14,10,2,12,12,28,10,17,57,20,19-30
2798717,2026,2026-05-09T19:30:00Z,1,Edmonton Stingers,,Winnipeg Sea Bears,75,29,70,41,23,44,52,6,26,23,11,16,68,15,24,39,13,11,3,20,14,42,17,14,26,8,11-16
2798728,2026,2026-05-17T01:00:00Z,2,Edmonton Stingers,,Vancouver Bandits,91,32,74,43,21,50,42,11,24,45,16,18,88,15,37,52,18,5,2,17,7,40,23,7,26,3,16-18
2798725,2026,2026-05-23T02:00:00Z,3,Edmonton Stingers,,Vancouver Bandits,88,33,69,47,20,36,55,13,33,39,9,13,69,9,28,37,23,4,6,18,10,38,7,8,27,21,9-13
2798729,2026,2026-05-24T22:00:00Z,4,Edmonton Stingers,,Niagara River Lions,99,34,66,51,24,45,53,10,21,47,21,26,80,10,22,32,14,7,2,13,9,40,8,18,22,22,21-26
2798750,2026,2026-05-31T22:00:00Z,5,Edmonton Stingers,,Calgary Surge,104,39,75,52,27,42,64,12,33,36,14,21,66,10,28,38,23,5,1,9,6,48,13,10,52,8,14-21
2798737,2026,2026-06-03T23:30:00Z,6,Edmonton Stingers,,Brampton Honey Badgers,86,31,74,41,18,34,52,13,40,32,11,18,61,15,31,46,27,7,4,15,11,32,19,18,39,13,11-18
2798749,2026,2026-06-07T20:00:00Z,7,Edmonton Stingers,,Montreal Alliance,98,37,82,45,22,49,44,15,33,45,9,13,69,15,32,47,20,15,2,18,17,40,19,24,43,16,9-13
2798760,2026,2026-06-14T01:00:00Z,8,Edmonton Stingers,,Scarborough Shooting Stars,78,28,72,38,20,42,47,8,30,26,14,16,87,9,27,36,20,11,1,13,12,38,6,21,33,16,14-16
2798772,2026,2026-06-18T01:00:00Z,9,Edmonton Stingers,,Montreal Alliance,76,31,87,35,26,59,44,5,28,17,9,12,75,18,29,47,15,7,4,13,11,46,14,11,25,17,9-12
2798763,2026,2026-06-20T20:00:00Z,10,Edmonton Stingers,,Winnipeg Sea Bears,86,33,66,50,25,44,56,8,22,36,12,21,57,6,34,40,14,4,2,21,6,48,4,15,27,13,12-21
2798775,2026,2026-06-25T01:30:00Z,11,Edmonton Stingers,,Saskatoon Mamba,115,44,87,50,33,56,58,11,31,35,16,22,72,13,23,36,26,12,3,8,15,58,17,24,40,27,16-22
2798780,2026,2026-06-28T22:00:00Z,12,Edmonton Stingers,,Saskatoon Mamba,105,43,87,49,35,55,63,8,32,25,11,18,61,8,34,42,20,15,2,16,17,66,12,29,43,25,11-18
2798783,2026,2026-07-01T22:00:00Z,13,Edmonton Stingers,,Calgary Surge,95,33,66,50,25,44,56,8,22,36,21,26,80,5,36,41,21,3,3,15,6,48,11,15,48,17,21-26
2798722,2026,2026-05-15T23:30:00Z,1,Montréal Alliance,,Scarborough Shooting Stars,87,34,75,45,25,48,52,9,27,33,10,18,55,14,32,46,19,9,2,19,11,46,20,18,25,5,10-18
2798716,2026,2026-05-19T23:30:00Z,2,Montréal Alliance,,Saskatoon Mamba,93,36,76,47,32,56,57,4,20,20,17,25,68,18,33,51,23,11,4,16,15,62,26,21,21,22,17-25
2798726,2026,2026-05-23T23:00:00Z,3,Montréal Alliance,,Ottawa BlackJacks,96,39,80,48,29,51,56,10,29,34,8,16,50,18,31,49,22,3,3,16,6,54,21,11,24,13,8-16
2798735,2026,2026-05-26T23:30:00Z,4,Montréal Alliance,,Niagara River Lions,72,25,57,43,18,42,42,7,15,46,15,25,60,5,25,30,20,5,5,13,10,36,5,13,10,14,15-25
2798736,2026,2026-05-28T15:00:00Z,5,Montréal Alliance,,Brampton Honey Badgers,80,30,68,44,22,43,51,8,25,32,12,15,80,12,30,42,22,10,10,13,20,44,11,9,21,20,12-15
2798747,2026,2026-05-31T20:00:00Z,6,Montréal Alliance,,Ottawa BlackJacks,79,30,68,44,24,44,54,6,24,25,13,19,68,11,19,30,16,10,2,10,12,44,11,14,25,12,13-19
2798743,2026,2026-06-05T23:30:00Z,7,Montréal Alliance,,Winnipeg Sea Bears,97,34,66,51,27,43,62,7,23,30,22,33,66,6,32,38,29,14,4,20,18,52,5,18,39,19,22-33
2798749,2026,2026-06-07T20:00:00Z,8,Montréal Alliance,,Edmonton Stingers,78,31,68,45,27,45,60,4,23,17,12,26,46,11,33,44,21,10,6,23,16,52,9,21,24,16,12-26
2798753,2026,2026-06-10T23:30:00Z,9,Montréal Alliance,,Brampton Honey Badgers,105,42,75,56,29,53,54,13,22,59,8,13,61,14,21,35,26,10,4,11,14,58,21,20,22,15,8-13
2798758,2026,2026-06-13T23:00:00Z,10,Montréal Alliance,,Niagara River Lions,75,30,58,51,25,40,62,5,18,27,10,14,71,11,23,34,19,3,5,21,8,42,16,9,35,2,10-14
2798772,2026,2026-06-18T01:00:00Z,11,Montréal Alliance,,Edmonton Stingers,95,36,81,44,30,56,53,6,25,24,17,24,70,18,39,57,25,8,4,15,12,48,16,17,40,20,17-24
2798766,2026,2026-06-20T23:00:00Z,12,Montréal Alliance,,Calgary Surge,93,37,71,52,35,55,63,2,16,12,17,24,70,12,34,46,23,8,2,17,10,58,16,20,37,8,17-24
2798776,2026,2026-06-26T23:30:00Z,13,Montréal Alliance,,Niagara River Lions,96,32,64,50,21,42,50,11,22,50,21,28,75,8,24,32,22,7,5,13,12,38,7,15,38,17,21-28
2798782,2026,2026-07-01T20:00:00Z,14,Montréal Alliance,,Scarborough Shooting Stars,78,27,69,39,19,40,47,8,29,27,16,25,64,15,35,50,23,8,5,15,13,34,9,13,30,9,16-25
2798732,2026,2026-05-18T23:00:00Z,1,Niagara River Lions,,Ottawa BlackJacks,85,31,78,39,21,50,42,10,28,35,13,22,59,16,35,51,21,4,6,11,10,36,17,9,36,11,13-22
2798723,2026,2026-05-23T00:00:00Z,2,Niagara River Lions,,Winnipeg Sea Bears,71,22,65,33,12,35,34,10,30,33,17,21,80,14,25,39,6,5,1,17,6,22,6,10,40,4,17-21
2798729,2026,2026-05-24T22:00:00Z,3,Niagara River Lions,,Edmonton Stingers,101,35,69,50,22,37,59,13,32,40,18,24,75,14,24,38,16,7,2,14,9,38,12,15,17,7,18-24
2798735,2026,2026-05-26T23:30:00Z,4,Niagara River Lions,,Montreal Alliance,87,33,66,50,22,36,61,11,30,36,10,14,71,8,29,37,20,11,4,12,15,36,15,22,15,11,10-14
2798740,2026,2026-05-29T23:00:00Z,5,Niagara River Lions,,Vancouver Bandits,100,39,71,54,29,40,72,10,31,32,12,19,63,9,21,30,27,10,3,12,13,56,16,16,43,8,12-19
2798754,2026,2026-06-03T23:00:00Z,6,Niagara River Lions,,Calgary Surge,88,32,76,42,24,45,53,8,31,25,16,21,76,17,23,40,26,8,2,8,10,42,20,21,40,18,16-21
2798741,2026,2026-06-05T23:00:00Z,7,Niagara River Lions,,Brampton Honey Badgers,86,32,93,34,23,52,44,9,41,21,13,19,68,20,30,50,13,11,8,11,19,40,19,21,22,13,13-19
2798751,2026,2026-06-10T23:00:00Z,8,Niagara River Lions,,Scarborough Shooting Stars,93,34,72,47,23,40,57,11,32,34,14,20,70,16,23,39,22,6,2,14,8,42,15,13,34,13,14-20
2798758,2026,2026-06-13T23:00:00Z,9,Niagara River Lions,,Montreal Alliance,93,36,73,49,26,46,56,10,27,37,11,13,84,13,19,32,22,12,3,11,15,50,14,31,43,10,11-13
2798765,2026,2026-06-15T23:30:00Z,10,Niagara River Lions,,Brampton Honey Badgers,101,36,78,46,18,38,47,18,40,45,11,13,84,13,35,48,24,10,3,14,13,28,10,15,26,12,11-13
2798759,2026,2026-06-19T15:00:00Z,11,Niagara River Lions,,Saskatoon Mamba,77,26,71,36,15,40,37,11,31,35,14,16,87,18,19,37,19,5,2,12,7,28,9,16,41,9,14-16
2798769,2026,2026-06-21T20:00:00Z,12,Niagara River Lions,,Scarborough Shooting Stars,69,25,72,34,20,39,51,5,33,15,14,15,93,11,35,46,17,10,3,21,13,36,7,6,27,21,14-15
2798776,2026,2026-06-26T23:30:00Z,13,Niagara River Lions,,Montreal Alliance,86,31,67,46,26,49,53,5,18,27,19,23,82,11,26,37,19,9,2,13,11,44,12,23,54,18,19-23
2798779,2026,2026-06-28T17:00:00Z,14,Niagara River Lions,,Ottawa BlackJacks,69,25,59,42,21,36,58,4,23,17,15,20,75,5,24,29,20,8,0,15,8,36,3,15,19,9,15-20
2798718,2026,2026-05-12T23:30:00Z,1,Ottawa BlackJacks,,Calgary Surge,93,33,67,49,26,46,56,7,21,33,20,24,83,8,39,47,17,4,6,16,10,48,10,6,24,20,20-24
2798724,2026,2026-05-15T23:30:00Z,2,Ottawa BlackJacks,,Brampton Honey Badgers,86,27,66,40,20,39,51,7,27,25,25,29,86,11,26,37,22,13,3,14,16,38,9,23,22,31,25-29
2798732,2026,2026-05-18T23:00:00Z,3,Ottawa BlackJacks,,Niagara River Lions,91,30,72,41,20,45,44,10,27,37,21,33,63,11,36,47,20,8,7,10,15,38,10,12,25,19,21-33
2798721,2026,2026-05-21T23:30:00Z,4,Ottawa BlackJacks,,Brampton Honey Badgers,90,31,74,41,21,38,55,10,36,27,18,26,69,15,29,44,24,6,10,15,16,38,11,18,21,28,18-26
2798726,2026,2026-05-23T23:00:00Z,5,Ottawa BlackJacks,,Montreal Alliance,87,33,71,46,31,47,65,2,24,8,19,23,82,10,27,37,14,10,7,11,17,52,8,19,26,21,19-23
2798747,2026,2026-05-31T20:00:00Z,6,Ottawa BlackJacks,,Montreal Alliance,90,33,63,52,23,37,62,10,26,38,14,17,82,10,29,39,24,6,7,16,13,40,11,19,19,18,14-17
2798752,2026,2026-06-02T23:30:00Z,7,Ottawa BlackJacks,,Vancouver Bandits,114,45,74,60,33,50,66,12,24,50,12,16,75,11,35,46,21,5,6,21,11,50,16,16,11,23,12-16
2798739,2026,2026-06-04T23:30:00Z,8,Ottawa BlackJacks,,Winnipeg Sea Bears,88,30,65,46,21,39,53,9,26,34,19,26,73,10,23,33,16,8,4,15,12,34,12,20,27,24,19-26
2798761,2026,2026-06-14T01:00:00Z,9,Ottawa BlackJacks,,Vancouver Bandits,95,37,77,48,23,40,57,14,37,37,7,12,58,7,35,42,19,6,1,12,7,40,9,16,26,20,7-12
2798768,2026,2026-06-16T01:30:00Z,10,Ottawa BlackJacks,,Saskatoon Mamba,94,38,93,40,31,59,52,7,34,20,11,12,91,23,34,57,9,3,3,10,6,60,30,13,24,16,11-12
2798762,2026,2026-06-19T23:30:00Z,11,Ottawa BlackJacks,,Scarborough Shooting Stars,80,26,68,38,18,37,48,8,31,25,20,25,80,10,23,33,17,8,14,12,22,32,6,13,24,15,20-25
2798771,2026,2026-06-21T23:00:00Z,12,Ottawa BlackJacks,,Saskatoon Mamba,98,37,74,50,26,53,49,11,21,52,13,17,76,13,28,41,25,5,8,11,13,40,13,10,15,20,13-17
2798773,2026,2026-06-23T23:30:00Z,13,Ottawa BlackJacks,,Scarborough Shooting Stars,88,33,76,43,25,47,53,8,29,27,14,22,63,17,33,50,21,4,12,15,16,34,20,8,36,23,14-22
2798779,2026,2026-06-28T17:00:00Z,14,Ottawa BlackJacks,,Niagara River Lions,92,34,67,50,21,36,58,13,31,41,11,13,84,10,32,42,22,7,3,16,10,38,5,14,23,16,11-13
2798720,2026,2026-05-14T16:30:00Z,1,Saskatoon Mamba,,Vancouver Bandits,95,36,72,50,25,42,59,11,30,36,12,17,70,12,25,37,15,5,5,21,10,42,8,16,38,11,12-17
2798727,2026,2026-05-17T00:00:00Z,2,Saskatoon Mamba,,Winnipeg Sea Bears,96,37,75,49,24,45,53,13,30,43,9,12,75,15,26,41,17,5,5,18,10,40,19,11,30,20,9-12
2798716,2026,2026-05-19T23:30:00Z,3,Saskatoon Mamba,,Montreal Alliance,80,27,71,38,16,44,36,11,27,40,15,25,60,15,23,38,13,8,7,16,15,32,18,21,33,14,15-25
2798719,2026,2026-05-21T15:00:00Z,4,Saskatoon Mamba,,Scarborough Shooting Stars,103,37,88,42,21,55,38,16,33,48,13,18,72,15,29,44,24,8,7,15,15,34,12,20,47,8,13-18
2798742,2026,2026-05-30T01:30:00Z,5,Saskatoon Mamba,,Winnipeg Sea Bears,100,37,76,48,27,48,56,10,28,35,16,19,84,15,31,46,23,6,2,16,8,50,21,11,32,11,16-19
2798748,2026,2026-05-31T22:00:00Z,6,Saskatoon Mamba,,Scarborough Shooting Stars,90,30,84,35,21,54,38,9,30,30,21,28,75,23,32,55,17,4,4,12,8,40,24,12,25,11,21-28
2798746,2026,2026-06-07T01:00:00Z,7,Saskatoon Mamba,,Vancouver Bandits,85,34,80,42,26,49,53,8,31,25,9,14,64,9,33,42,19,9,5,10,14,46,9,14,38,13,9-14
2798755,2026,2026-06-11T01:30:00Z,8,Saskatoon Mamba,,Calgary Surge,94,37,84,44,22,51,43,15,33,45,5,15,33,15,36,51,19,7,5,9,12,44,11,10,18,10,5-15
2798768,2026,2026-06-16T01:30:00Z,9,Saskatoon Mamba,,Ottawa BlackJacks,96,36,80,45,28,44,63,8,36,22,16,25,64,14,32,46,18,5,2,8,7,48,22,13,33,20,16-25
2798759,2026,2026-06-19T15:00:00Z,10,Saskatoon Mamba,,Niagara River Lions,104,38,68,55,22,40,55,16,28,57,12,14,85,9,27,36,23,5,5,10,10,38,6,18,18,20,12-14
2798771,2026,2026-06-21T23:00:00Z,11,Saskatoon Mamba,,Ottawa BlackJacks,101,36,79,45,23,43,53,13,36,36,16,20,80,15,26,41,21,7,3,8,10,40,13,20,25,17,16-20
2798775,2026,2026-06-25T01:30:00Z,12,Saskatoon Mamba,,Edmonton Stingers,108,34,70,48,20,36,55,14,34,41,26,32,81,15,32,47,26,3,1,19,4,38,18,6,39,18,26-32
2798780,2026,2026-06-28T22:00:00Z,13,Saskatoon Mamba,,Edmonton Stingers,103,32,71,45,20,36,55,12,35,34,27,33,81,8,39,47,10,8,7,27,15,38,10,14,14,18,27-33
2798781,2026,2026-07-01T00:00:00Z,14,Saskatoon Mamba,,Winnipeg Sea Bears,96,34,77,44,19,41,46,15,36,41,13,15,86,10,28,38,27,4,5,12,9,38,14,5,34,17,13-15
2798722,2026,2026-05-15T23:30:00Z,1,Scarborough Shooting Stars,,Montreal Alliance,91,30,73,41,23,47,48,7,26,26,24,31,77,13,30,43,22,8,3,15,11,46,11,23,21,9,24-31
2798734,2026,2026-05-19T15:00:00Z,2,Scarborough Shooting Stars,,Winnipeg Sea Bears,103,38,76,50,26,50,52,12,26,46,15,26,57,14,30,44,20,5,5,14,10,46,27,16,24,15,15-26
2798719,2026,2026-05-21T15:00:00Z,3,Scarborough Shooting Stars,,Saskatoon Mamba,107,38,86,44,28,53,52,10,33,30,21,28,75,22,37,59,15,9,5,16,14,52,25,19,25,23,21-28
2798738,2026,2026-05-29T01:30:00Z,4,Scarborough Shooting Stars,,Calgary Surge,106,39,77,50,23,45,51,16,32,50,12,18,66,14,32,46,22,5,2,14,7,44,22,16,31,8,12-18
2798748,2026,2026-05-31T22:00:00Z,5,Scarborough Shooting Stars,,Saskatoon Mamba,88,37,82,45,32,52,61,5,30,16,9,17,52,14,35,49,19,7,7,12,14,62,17,8,30,17,9-17
2798745,2026,2026-06-06T23:00:00Z,6,Scarborough Shooting Stars,,Calgary Surge,96,35,79,44,22,49,44,13,30,43,13,15,86,16,36,52,26,4,6,17,10,34,19,15,38,8,13-15
2798751,2026,2026-06-10T23:00:00Z,7,Scarborough Shooting Stars,,Niagara River Lions,104,39,79,49,25,47,53,14,32,43,12,13,92,17,24,41,24,8,2,12,10,46,30,20,31,7,12-13
2798760,2026,2026-06-14T01:00:00Z,8,Scarborough Shooting Stars,,Edmonton Stingers,95,34,71,47,25,45,55,9,26,34,18,21,85,11,35,46,15,9,3,18,12,44,12,20,43,12,18-21
2798770,2026,2026-06-16T02:00:00Z,9,Scarborough Shooting Stars,,Vancouver Bandits,108,36,70,51,23,37,62,13,33,39,23,33,69,15,22,37,15,6,6,14,12,34,15,26,33,10,23-33
2798762,2026,2026-06-19T23:30:00Z,10,Scarborough Shooting Stars,,Ottawa BlackJacks,108,36,81,44,26,55,47,10,26,38,26,29,89,24,32,56,23,7,3,12,10,50,33,19,36,27,26-29
2798769,2026,2026-06-21T20:00:00Z,11,Scarborough Shooting Stars,,Niagara River Lions,75,22,70,31,18,41,43,4,29,13,27,34,79,15,35,50,13,11,9,19,20,36,12,13,24,9,27-34
2798773,2026,2026-06-23T23:30:00Z,12,Scarborough Shooting Stars,,Ottawa BlackJacks,86,34,83,40,24,52,46,10,31,32,8,16,50,19,28,47,23,9,3,12,12,44,19,11,41,14,8-16
2798777,2026,2026-06-27T23:00:00Z,13,Scarborough Shooting Stars,,Brampton Honey Badgers,82,30,86,34,23,60,38,7,26,26,15,28,53,27,46,73,23,9,12,17,21,38,13,10,43,15,15-28
2798782,2026,2026-07-01T20:00:00Z,14,Scarborough Shooting Stars,,Montreal Alliance,80,28,73,38,22,54,40,6,19,31,18,30,60,15,32,47,15,12,7,11,19,42,19,14,47,20,18-30
2798720,2026,2026-05-14T16:30:00Z,1,Vancouver Bandits,,Saskatoon Mamba,124,48,82,58,37,51,72,11,31,35,17,19,89,10,25,35,21,12,2,8,14,74,20,36,18,21,17-19
2798728,2026,2026-05-17T01:00:00Z,2,Vancouver Bandits,,Edmonton Stingers,78,24,73,32,14,41,34,10,32,31,20,23,86,13,28,41,6,8,2,13,10,22,8,17,2,12,20-23
2798725,2026,2026-05-23T02:00:00Z,3,Vancouver Bandits,,Edmonton Stingers,111,42,89,47,30,53,56,12,36,33,15,21,71,22,27,49,27,11,7,9,18,50,21,27,22,22,15-21
2798731,2026,2026-05-25T00:00:00Z,4,Vancouver Bandits,,Calgary Surge,111,41,74,55,25,45,55,16,29,55,13,15,86,12,25,37,22,9,2,21,11,46,15,24,40,22,13-15
2798740,2026,2026-05-29T23:00:00Z,5,Vancouver Bandits,,Niagara River Lions,110,41,74,55,27,45,60,14,29,48,14,15,93,10,25,35,24,6,0,15,6,42,17,19,40,16,14-15
2798744,2026,2026-05-30T23:00:00Z,6,Vancouver Bandits,,Brampton Honey Badgers,93,33,71,46,21,46,45,12,25,48,15,18,83,12,28,40,22,2,4,9,6,38,18,9,33,9,15-18
2798752,2026,2026-06-02T23:30:00Z,7,Vancouver Bandits,,Ottawa BlackJacks,105,32,74,43,22,45,48,10,29,34,31,37,83,7,20,27,23,14,2,11,16,40,6,24,43,22,31-37
2798746,2026,2026-06-07T01:00:00Z,8,Vancouver Bandits,,Saskatoon Mamba,105,39,81,48,27,54,50,12,27,44,15,18,83,10,38,48,24,4,4,10,8,54,16,13,40,14,15-18
2798761,2026,2026-06-14T01:00:00Z,9,Vancouver Bandits,,Ottawa BlackJacks,104,39,80,48,26,44,59,13,36,36,13,19,68,10,35,45,17,6,2,10,8,42,7,19,23,23,13-19
2798770,2026,2026-06-16T02:00:00Z,10,Vancouver Bandits,,Scarborough Shooting Stars,105,37,64,57,26,40,65,11,24,45,20,27,74,10,22,32,22,9,0,14,9,38,10,19,21,11,20-27
2798757,2026,2026-06-19T00:00:00Z,11,Vancouver Bandits,,Winnipeg Sea Bears,81,26,62,41,19,39,48,7,23,30,22,23,95,3,21,24,9,8,1,13,9,36,0,11,8,20,22-23
2798767,2026,2026-06-21T01:00:00Z,12,Vancouver Bandits,,Brampton Honey Badgers,102,37,71,52,29,48,60,8,23,34,20,27,74,13,28,41,24,10,5,16,15,54,18,20,16,29,20-27
2798778,2026,2026-06-28T01:00:00Z,13,Vancouver Bandits,,Winnipeg Sea Bears,94,37,79,46,26,45,57,11,34,32,9,10,90,11,28,39,21,7,5,11,12,46,11,19,10,13,9-10
2798717,2026,2026-05-09T19:30:00Z,1,Winnipeg Sea Bears,,Edmonton Stingers,77,28,68,41,21,35,60,7,33,21,14,17,82,14,28,42,21,13,4,20,17,40,12,26,25,10,14-17
2798727,2026,2026-05-17T00:00:00Z,2,Winnipeg Sea Bears,,Saskatoon Mamba,108,41,81,50,34,58,58,7,23,30,19,21,90,15,25,40,20,7,5,9,12,66,20,19,43,24,19-21
2798734,2026,2026-05-19T15:00:00Z,3,Winnipeg Sea Bears,,Scarborough Shooting Stars,101,33,71,46,20,42,47,13,29,44,22,27,81,9,26,35,24,8,4,12,12,40,16,27,28,25,22-27
2798723,2026,2026-05-23T00:00:00Z,4,Winnipeg Sea Bears,,Niagara River Lions,97,34,65,52,22,34,64,12,31,38,17,20,85,7,30,37,21,12,4,11,16,40,7,24,27,24,17-20
2798733,2026,2026-05-25T23:30:00Z,5,Winnipeg Sea Bears,,Brampton Honey Badgers,92,37,66,56,28,49,57,9,17,52,9,11,81,10,19,29,24,8,6,18,14,54,4,18,24,18,9-11
2798742,2026,2026-05-30T01:30:00Z,6,Winnipeg Sea Bears,,Saskatoon Mamba,98,36,78,46,22,45,48,14,33,42,12,19,63,15,25,40,18,5,6,13,11,44,22,21,31,10,12-19
2798739,2026,2026-06-04T23:30:00Z,7,Winnipeg Sea Bears,,Ottawa BlackJacks,117,39,75,52,21,41,51,18,34,52,21,24,87,14,27,41,26,10,1,13,11,40,10,23,34,24,21-24
2798743,2026,2026-06-05T23:30:00Z,8,Winnipeg Sea Bears,,Montreal Alliance,91,31,72,43,26,41,63,5,31,16,24,27,88,9,31,40,21,14,2,20,16,48,10,24,17,17,24-27
2798756,2026,2026-06-13T00:00:00Z,9,Winnipeg Sea Bears,,Calgary Surge,92,35,74,47,26,42,61,9,32,28,13,17,76,9,32,41,15,9,4,10,13,44,12,17,18,19,13-17
2798764,2026,2026-06-14T22:00:00Z,10,Winnipeg Sea Bears,,Calgary Surge,107,41,78,52,33,55,60,8,23,34,17,24,70,16,28,44,18,8,3,11,11,54,16,21,20,14,17-24
2798757,2026,2026-06-19T00:00:00Z,11,Winnipeg Sea Bears,,Vancouver Bandits,114,43,76,56,27,44,61,16,32,50,12,14,85,12,33,45,25,10,2,13,12,52,20,17,33,32,12-14
2798763,2026,2026-06-20T20:00:00Z,12,Winnipeg Sea Bears,,Edmonton Stingers,107,36,83,43,18,40,45,18,43,41,17,21,80,13,30,43,19,13,4,13,17,34,13,24,35,12,17-21
2798778,2026,2026-06-28T01:00:00Z,13,Winnipeg Sea Bears,,Vancouver Bandits,88,31,67,46,26,42,61,5,25,20,21,23,91,7,32,39,23,6,3,12,9,48,12,11,30,21,21-23
2798781,2026,2026-07-01T00:00:00Z,14,Winnipeg Sea Bears,,Saskatoon Mamba,107,41,82,50,26,49,53,15,33,45,10,15,66,14,31,45,25,7,8,10,15,48,9,17,18,25,10-15
