game_id,season,game_date,game_number,team_name,short_name,opponent_name,points,field_goals_made,field_goals_attempted,fg_pct,two_point_field_goals_made,two_point_field_goals_attempted,2p_pct,three_point_field_goals_made,three_point_field_goals_attempted,3p_pct,free_throws_made,free_throws_attempted,ft_pct,oreb,dreb,rebounds,assists,steals,blocks,turnovers,stocks,points_in_the_paint,second_chance_points,points_from_turnovers,bench_points,fast_break_points,ft
2798724,2026,2026-05-15T23:30:00Z,1,Brampton Honey Badgers,,Ottawa BlackJacks,91,32,75,42,14,38,36,18,37,48,9,14,64,18,28,46,20,11,2,20,13,24,12,15,7,14,9-14
2798730,2026,2026-05-17T20:00:00Z,2,Brampton Honey Badgers,,Calgary Surge,91,34,70,48,25,42,59,9,28,32,14,20,70,15,36,51,20,6,3,13,9,48,20,12,13,11,14-20
2798721,2026,2026-05-21T23:30:00Z,3,Brampton Honey Badgers,,Ottawa BlackJacks,93,32,73,43,21,42,50,11,31,35,18,25,72,16,27,43,17,11,3,15,14,40,17,24,16,21,18-25
2798733,2026,2026-05-25T23:30:00Z,4,Brampton Honey Badgers,,Winnipeg Sea Bears,96,35,69,50,22,44,50,13,25,52,13,15,86,15,19,34,17,13,7,15,20,40,18,24,21,17,13-15
2798736,2026,2026-05-28T15:00:00Z,5,Brampton Honey Badgers,,Montreal Alliance,82,31,77,40,22,47,46,9,30,30,11,17,64,18,29,47,21,11,8,12,19,44,10,20,16,10,11-17
2798744,2026,2026-05-30T23:00:00Z,6,Brampton Honey Badgers,,Vancouver Bandits,87,29,67,43,18,40,45,11,27,40,18,24,75,12,28,40,17,3,1,9,4,30,9,9,27,3,18-24
2798737,2026,2026-06-03T23:30:00Z,7,Brampton Honey Badgers,,Edmonton Stingers,87,28,62,45,21,33,63,7,29,24,24,31,77,8,29,37,25,8,0,13,8,30,9,15,10,12,24-31
2798741,2026,2026-06-05T23:00:00Z,8,Brampton Honey Badgers,,Niagara River Lions,97,36,77,46,23,44,52,13,33,39,12,16,75,12,42,54,19,10,5,24,15,44,14,14,10,15,12-16
2798753,2026,2026-06-10T23:30:00Z,9,Brampton Honey Badgers,,Montreal Alliance,92,36,65,55,24,37,64,12,28,42,8,11,72,9,23,32,22,6,3,15,9,46,9,13,13,18,8-11
2798765,2026,2026-06-15T23:30:00Z,10,Brampton Honey Badgers,,Niagara River Lions,84,22,64,34,15,36,41,7,28,25,33,39,84,10,28,38,19,5,4,12,9,30,10,22,26,18,33-39
2798774,2026,2026-06-18T01:30:00Z,11,Brampton Honey Badgers,,Calgary Surge,99,33,64,51,20,42,47,13,22,59,20,28,71,11,31,42,12,10,3,19,13,38,19,16,22,15,20-28
2798767,2026,2026-06-21T01:00:00Z,12,Brampton Honey Badgers,,Vancouver Bandits,81,32,83,38,24,49,48,8,34,23,9,10,90,24,27,51,17,6,2,19,8,42,19,20,16,8,9-10
2798777,2026,2026-06-27T23:00:00Z,13,Brampton Honey Badgers,,Scarborough Shooting Stars,69,24,85,28,16,48,33,8,37,21,13,19,68,19,32,51,17,10,5,13,15,24,10,15,31,10,13-19
2798784,2026,2026-07-02T23:30:00Z,14,Brampton Honey Badgers,,Ottawa BlackJacks,81,32,83,38,21,49,42,11,34,32,6,11,54,15,28,43,22,6,1,11,7,36,10,17,31,11,6-11
2798795,2026,2026-07-05T20:00:00Z,15,Brampton Honey Badgers,,Scarborough Shooting Stars,95,36,72,50,23,38,60,13,34,38,10,17,58,12,30,42,20,7,5,16,12,44,9,15,12,12,10-17
2798788,2026,2026-07-10T23:30:00Z,16,Brampton Honey Badgers,,Montreal Alliance,86,32,72,44,26,46,56,6,26,23,16,17,94,12,28,40,20,6,6,10,12,46,10,6,19,9,16-17
2798796,2026,2026-07-12T20:00:00Z,17,Brampton Honey Badgers,,Ottawa BlackJacks,105,35,80,43,20,43,46,15,37,40,20,23,86,14,26,40,22,6,0,5,6,32,18,15,24,21,20-23
2798798,2026,2026-07-14T16:30:00Z,18,Brampton Honey Badgers,,Niagara River Lions,81,26,63,41,17,36,47,9,27,33,20,23,86,16,20,36,14,6,0,12,6,30,17,11,20,6,20-23
2798802,2026,2026-07-16T23:00:00Z,19,Brampton Honey Badgers,,Niagara River Lions,90,35,74,47,27,48,56,8,26,30,12,17,70,13,27,40,21,10,2,19,12,48,18,19,14,13,12-17
2798816,2026,2026-07-24T01:30:00Z,20,Brampton Honey Badgers,,Saskatoon Mamba,92,37,69,53,29,43,67,8,26,30,10,18,55,14,28,42,15,6,1,13,7,56,13,22,32,11,10-18
2798820,2026,2026-07-25T19:30:00Z,21,Brampton Honey Badgers,,Winnipeg Sea Bears,88,29,63,46,21,39,53,8,24,33,22,29,75,10,33,43,16,5,3,15,8,34,6,10,13,17,22-29
2798827,2026,2026-07-30T23:30:00Z,22,Brampton Honey Badgers,,Montreal Alliance,90,36,63,57,30,45,66,6,18,33,12,18,66,9,30,39,14,3,5,13,8,46,9,9,15,8,12-18
2798831,2026,2026-08-01T23:00:00Z,23,Brampton Honey Badgers,,Scarborough Shooting Stars,104,36,90,40,28,61,45,8,29,27,24,32,75,25,34,59,27,1,2,12,3,50,21,5,40,8,24-32
2798718,2026,2026-05-12T23:30:00Z,1,Calgary Surge,,Ottawa BlackJacks,88,29,84,34,18,42,42,11,42,26,19,22,86,16,26,42,24,10,3,7,13,30,12,24,30,14,19-22
2798730,2026,2026-05-17T20:00:00Z,2,Calgary Surge,,Brampton Honey Badgers,72,26,77,33,20,37,54,6,40,15,14,18,77,18,23,41,21,7,3,9,10,36,11,14,20,13,14-18
2798731,2026,2026-05-25T00:00:00Z,3,Calgary Surge,,Vancouver Bandits,101,39,71,54,28,43,65,11,28,39,12,17,70,11,21,32,25,11,4,20,15,52,12,27,33,24,12-17
2798738,2026,2026-05-29T01:30:00Z,4,Calgary Surge,,Scarborough Shooting Stars,104,37,78,47,28,46,60,9,32,28,21,24,87,11,28,39,21,5,2,8,7,48,17,20,50,4,21-24
2798750,2026,2026-05-31T22:00:00Z,5,Calgary Surge,,Edmonton Stingers,98,34,69,49,27,41,65,7,28,25,23,28,82,7,29,36,21,6,1,9,7,54,8,5,17,10,23-28
2798754,2026,2026-06-03T23:00:00Z,6,Calgary Surge,,Niagara River Lions,76,32,62,51,31,43,72,1,19,5,11,14,78,8,29,37,25,4,4,15,8,48,9,10,15,6,11-14
2798745,2026,2026-06-06T23:00:00Z,7,Calgary Surge,,Scarborough Shooting Stars,80,30,82,36,24,54,44,6,28,21,14,17,82,16,28,44,17,8,7,11,15,44,12,16,8,17,14-17
2798755,2026,2026-06-11T01:30:00Z,8,Calgary Surge,,Saskatoon Mamba,88,32,80,40,25,56,44,7,24,29,17,22,77,15,37,52,21,5,2,11,7,46,10,9,26,10,17-22
2798756,2026,2026-06-13T00:00:00Z,9,Calgary Surge,,Winnipeg Sea Bears,72,27,73,36,22,49,44,5,24,20,13,15,86,14,32,46,15,4,3,16,7,42,13,14,6,14,13-15
2798764,2026,2026-06-14T22:00:00Z,10,Calgary Surge,,Winnipeg Sea Bears,88,36,71,50,29,49,59,7,22,31,9,15,60,9,23,32,15,6,6,14,12,50,9,10,21,4,9-15
2798774,2026,2026-06-18T01:30:00Z,11,Calgary Surge,,Brampton Honey Badgers,102,35,72,48,18,31,58,17,41,41,15,21,71,9,24,33,23,8,2,13,10,34,11,24,50,25,15-21
2798766,2026,2026-06-20T23:00:00Z,12,Calgary Surge,,Montreal Alliance,88,32,74,43,23,43,53,9,31,29,15,25,60,10,26,36,25,10,0,12,10,42,7,19,37,14,15-25
2798783,2026,2026-07-01T22:00:00Z,13,Calgary Surge,,Edmonton Stingers,87,28,66,42,16,35,45,12,31,38,19,30,63,7,27,34,14,10,2,12,12,28,10,17,57,20,19-30
2798787,2026,2026-07-04T01:30:00Z,14,Calgary Surge,,Saskatoon Mamba,92,33,77,42,26,49,53,7,28,25,19,24,79,15,31,46,14,7,2,17,9,48,25,18,27,13,19-24
2798793,2026,2026-07-05T19:30:00Z,15,Calgary Surge,,Vancouver Bandits,92,35,73,47,21,40,52,14,33,42,8,13,61,8,37,45,29,4,7,11,11,38,11,11,36,16,8-13
2798804,2026,2026-07-10T00:30:00Z,16,Calgary Surge,,Vancouver Bandits,95,38,71,53,25,43,58,13,28,46,6,8,75,11,29,40,26,5,3,10,8,48,9,12,28,11,6-8
2798794,2026,2026-07-12T19:30:00Z,17,Calgary Surge,,Winnipeg Sea Bears,85,35,81,43,27,55,49,8,26,30,7,21,33,16,37,53,19,10,6,15,16,54,12,8,23,27,7-21
2798806,2026,2026-07-18T01:30:00Z,18,Calgary Surge,,Winnipeg Sea Bears,93,35,86,40,25,54,46,10,32,31,13,18,72,14,34,48,16,11,1,10,12,50,13,20,40,23,13-18
2798811,2026,2026-07-19T22:00:00Z,19,Calgary Surge,,Saskatoon Mamba,99,38,66,57,26,39,66,12,27,44,11,14,78,8,17,25,24,1,6,9,7,50,6,13,37,4,11-14
2798813,2026,2026-07-22T01:30:00Z,20,Calgary Surge,,Vancouver Bandits,93,37,72,51,23,46,50,14,26,53,5,8,62,12,28,40,18,5,5,13,10,36,13,15,25,7,5-8
2798819,2026,2026-07-25T01:30:00Z,21,Calgary Surge,,Edmonton Stingers,101,35,67,52,23,33,69,12,34,35,19,25,76,7,32,39,20,8,6,16,14,44,11,27,54,12,19-25
2798824,2026,2026-07-26T22:00:00Z,22,Calgary Surge,,Edmonton Stingers,89,28,62,45,19,32,59,9,30,30,24,32,75,7,27,34,19,8,3,19,11,36,6,16,49,14,24-32
2798830,2026,2026-08-01T01:30:00Z,23,Calgary Surge,,Niagara River Lions,81,27,67,40,15,30,50,12,37,32,15,20,75,12,24,36,14,7,3,11,10,26,5,15,16,15,15-20
2798717,2026,2026-05-09T19:30:00Z,1,Edmonton Stingers,,Winnipeg Sea Bears,75,29,70,41,23,44,52,6,26,23,11,16,68,15,24,39,13,11,3,20,14,42,17,14,26,8,11-16
2798728,2026,2026-05-17T01:00:00Z,2,Edmonton Stingers,,Vancouver Bandits,91,32,74,43,21,50,42,11,24,45,16,18,88,15,37,52,18,5,2,17,7,40,23,7,26,3,16-18
2798725,2026,2026-05-23T02:00:00Z,3,Edmonton Stingers,,Vancouver Bandits,88,33,69,47,20,36,55,13,33,39,9,13,69,9,28,37,23,4,6,18,10,38,7,8,27,21,9-13
2798729,2026,2026-05-24T22:00:00Z,4,Edmonton Stingers,,Niagara River Lions,99,34,66,51,24,45,53,10,21,47,21,26,80,10,22,32,14,7,2,13,9,40,8,18,22,22,21-26
2798750,2026,2026-05-31T22:00:00Z,5,Edmonton Stingers,,Calgary Surge,104,39,75,52,27,42,64,12,33,36,14,21,66,10,28,38,23,5,1,9,6,48,13,10,52,8,14-21
2798737,2026,2026-06-03T23:30:00Z,6,Edmonton Stingers,,Brampton Honey Badgers,86,31,74,41,18,34,52,13,40,32,11,18,61,15,31,46,27,7,4,15,11,32,19,18,39,13,11-18
2798749,2026,2026-06-07T20:00:00Z,7,Edmonton Stingers,,Montreal Alliance,98,37,82,45,22,49,44,15,33,45,9,13,69,15,32,47,20,15,2,18,17,40,19,24,43,16,9-13
2798760,2026,2026-06-14T01:00:00Z,8,Edmonton Stingers,,Scarborough Shooting Stars,78,28,72,38,20,42,47,8,30,26,14,16,87,9,27,36,20,11,1,13,12,38,6,21,33,16,14-16
2798772,2026,2026-06-18T01:00:00Z,9,Edmonton Stingers,,Montreal Alliance,76,31,87,35,26,59,44,5,28,17,9,12,75,18,29,47,15,7,4,13,11,46,14,11,25,17,9-12
2798763,2026,2026-06-20T20:00:00Z,10,Edmonton Stingers,,Winnipeg Sea Bears,86,33,66,50,25,44,56,8,22,36,12,21,57,6,34,40,14,4,2,21,6,48,4,15,27,13,12-21
2798775,2026,2026-06-25T01:30:00Z,11,Edmonton Stingers,,Saskatoon Mamba,115,44,87,50,33,56,58,11,31,35,16,22,72,13,23,36,26,12,3,8,15,58,17,24,40,27,16-22
2798780,2026,2026-06-28T22:00:00Z,12,Edmonton Stingers,,Saskatoon Mamba,105,43,87,49,35,55,63,8,32,25,11,18,61,8,34,42,20,15,2,16,17,66,12,29,43,25,11-18
2798783,2026,2026-07-01T22:00:00Z,13,Edmonton Stingers,,Calgary Surge,95,33,66,50,25,44,56,8,22,36,21,26,80,5,36,41,21,3,3,15,6,48,11,15,48,17,21-26
2798789,2026,2026-07-04T02:00:00Z,14,Edmonton Stingers,,Vancouver Bandits,94,36,79,45,27,51,52,9,28,32,13,14,92,10,30,40,26,6,1,10,7,48,16,18,47,18,13-14
2798797,2026,2026-07-05T22:00:00Z,15,Edmonton Stingers,,Winnipeg Sea Bears,98,35,77,45,27,55,49,8,22,36,20,24,83,11,29,40,19,8,3,14,11,54,16,13,32,17,20-24
2798803,2026,2026-07-10T00:00:00Z,16,Edmonton Stingers,,Winnipeg Sea Bears,93,39,76,51,37,59,62,2,17,11,13,17,76,13,29,42,20,6,0,14,6,68,11,6,36,17,13-17
2798791,2026,2026-07-12T01:00:00Z,17,Edmonton Stingers,,Vancouver Bandits,94,35,81,43,28,51,54,7,30,23,17,24,70,13,34,47,19,13,2,13,15,56,15,21,37,21,17-24
2798805,2026,2026-07-16T23:30:00Z,18,Edmonton Stingers,,Scarborough Shooting Stars,97,34,79,43,28,53,52,6,26,23,23,26,88,14,25,39,28,9,3,18,12,48,15,20,29,17,23-26
2798808,2026,2026-07-18T19:30:00Z,19,Edmonton Stingers,,Niagara River Lions,102,39,69,56,31,50,62,8,19,42,16,27,59,10,28,38,19,7,3,8,10,58,3,12,46,23,16-27
2798812,2026,2026-07-22T01:30:00Z,20,Edmonton Stingers,,Saskatoon Mamba,94,39,74,52,29,55,52,10,19,52,6,12,50,9,40,49,27,4,1,20,5,54,9,11,32,6,6-12
2798819,2026,2026-07-25T01:30:00Z,21,Edmonton Stingers,,Calgary Surge,88,33,67,49,21,41,51,12,26,46,10,21,47,8,26,34,15,10,2,15,12,38,14,14,30,12,10-21
2798824,2026,2026-07-26T22:00:00Z,22,Edmonton Stingers,,Calgary Surge,100,31,63,49,18,36,50,13,27,48,25,37,67,8,27,35,22,10,2,20,12,26,10,27,36,15,25-37
2798829,2026,2026-08-01T01:00:00Z,23,Edmonton Stingers,,Saskatoon Mamba,97,31,80,38,23,46,50,8,34,23,27,32,84,22,24,46,22,7,5,11,12,42,20,16,43,13,27-32
2798833,2026,2026-08-02T22:00:00Z,24,Edmonton Stingers,,Ottawa BlackJacks,89,34,80,42,24,51,47,10,29,34,11,18,61,10,34,44,19,9,3,10,12,42,9,17,52,14,11-18
2798722,2026,2026-05-15T23:30:00Z,1,Montréal Alliance,,Scarborough Shooting Stars,87,34,75,45,25,48,52,9,27,33,10,18,55,14,32,46,19,9,2,19,11,46,20,18,25,5,10-18
2798716,2026,2026-05-19T23:30:00Z,2,Montréal Alliance,,Saskatoon Mamba,93,36,76,47,32,56,57,4,20,20,17,25,68,18,33,51,23,11,4,16,15,62,26,21,21,22,17-25
2798726,2026,2026-05-23T23:00:00Z,3,Montréal Alliance,,Ottawa BlackJacks,96,39,80,48,29,51,56,10,29,34,8,16,50,18,31,49,22,3,3,16,6,54,21,11,24,13,8-16
2798735,2026,2026-05-26T23:30:00Z,4,Montréal Alliance,,Niagara River Lions,72,25,57,43,18,42,42,7,15,46,15,25,60,5,25,30,20,5,5,13,10,36,5,13,10,14,15-25
2798736,2026,2026-05-28T15:00:00Z,5,Montréal Alliance,,Brampton Honey Badgers,80,30,68,44,22,43,51,8,25,32,12,15,80,12,30,42,22,10,10,13,20,44,11,9,21,20,12-15
2798747,2026,2026-05-31T20:00:00Z,6,Montréal Alliance,,Ottawa BlackJacks,79,30,68,44,24,44,54,6,24,25,13,19,68,11,19,30,16,10,2,10,12,44,11,14,25,12,13-19
2798743,2026,2026-06-05T23:30:00Z,7,Montréal Alliance,,Winnipeg Sea Bears,97,34,66,51,27,43,62,7,23,30,22,33,66,6,32,38,29,14,4,20,18,52,5,18,39,19,22-33
2798749,2026,2026-06-07T20:00:00Z,8,Montréal Alliance,,Edmonton Stingers,78,31,68,45,27,45,60,4,23,17,12,26,46,11,33,44,21,10,6,23,16,52,9,21,24,16,12-26
2798753,2026,2026-06-10T23:30:00Z,9,Montréal Alliance,,Brampton Honey Badgers,105,42,75,56,29,53,54,13,22,59,8,13,61,14,21,35,26,10,4,11,14,58,21,20,22,15,8-13
2798758,2026,2026-06-13T23:00:00Z,10,Montréal Alliance,,Niagara River Lions,75,30,58,51,25,40,62,5,18,27,10,14,71,11,23,34,19,3,5,21,8,42,16,9,35,2,10-14
2798772,2026,2026-06-18T01:00:00Z,11,Montréal Alliance,,Edmonton Stingers,95,36,81,44,30,56,53,6,25,24,17,24,70,18,39,57,25,8,4,15,12,48,16,17,40,20,17-24
2798766,2026,2026-06-20T23:00:00Z,12,Montréal Alliance,,Calgary Surge,93,37,71,52,35,55,63,2,16,12,17,24,70,12,34,46,23,8,2,17,10,58,16,20,37,8,17-24
2798776,2026,2026-06-26T23:30:00Z,13,Montréal Alliance,,Niagara River Lions,96,32,64,50,21,42,50,11,22,50,21,28,75,8,24,32,22,7,5,13,12,38,7,15,38,17,21-28
2798782,2026,2026-07-01T20:00:00Z,14,Montréal Alliance,,Scarborough Shooting Stars,78,27,69,39,19,40,47,8,29,27,16,25,64,15,35,50,23,8,5,15,13,34,9,13,30,9,16-25
2798785,2026,2026-07-03T23:30:00Z,15,Montréal Alliance,,Scarborough Shooting Stars,84,32,67,47,24,45,53,8,22,36,12,20,60,13,33,46,24,3,3,15,6,42,13,4,39,17,12-20
2798801,2026,2026-07-08T23:30:00Z,16,Montréal Alliance,,Ottawa BlackJacks,77,29,73,39,22,44,50,7,29,24,12,19,63,16,19,35,19,11,2,6,13,40,24,10,15,5,12-19
2798788,2026,2026-07-10T23:30:00Z,17,Montréal Alliance,,Brampton Honey Badgers,92,33,74,44,21,46,45,12,28,42,14,21,66,15,25,40,18,4,5,8,9,34,13,10,28,7,14-21
2798792,2026,2026-07-12T19:00:00Z,18,Montréal Alliance,,Niagara River Lions,87,31,63,49,19,33,57,12,30,40,13,16,81,10,21,31,18,4,2,9,6,30,6,10,25,9,13-16
2798807,2026,2026-07-18T02:00:00Z,19,Montréal Alliance,,Vancouver Bandits,92,38,83,45,26,57,45,12,26,46,4,7,57,13,31,44,23,7,3,9,10,46,11,17,32,13,4-7
2798809,2026,2026-07-19T22:00:00Z,20,Montréal Alliance,,Winnipeg Sea Bears,80,29,66,43,20,40,50,9,26,34,13,17,76,8,31,39,16,5,1,22,6,40,12,5,23,9,13-17
2798818,2026,2026-07-24T23:30:00Z,21,Montréal Alliance,,Ottawa BlackJacks,96,32,62,51,22,40,55,10,22,45,22,30,73,13,32,45,26,7,6,15,13,44,14,13,28,13,22-30
2798823,2026,2026-07-26T20:00:00Z,22,Montréal Alliance,,Scarborough Shooting Stars,87,32,87,36,23,58,39,9,29,31,14,19,73,23,39,62,22,3,6,15,9,44,20,11,26,6,14-19
2798825,2026,2026-07-28T23:30:00Z,23,Montréal Alliance,,Vancouver Bandits,87,35,78,44,24,46,52,11,32,34,6,13,46,11,33,44,19,6,4,12,10,44,12,13,26,8,6-13
2798827,2026,2026-07-30T23:30:00Z,24,Montréal Alliance,,Brampton Honey Badgers,89,37,73,50,30,53,56,7,20,35,8,10,80,5,20,25,19,6,1,4,7,56,4,18,21,7,8-10
2798732,2026,2026-05-18T23:00:00Z,1,Niagara River Lions,,Ottawa BlackJacks,85,31,78,39,21,50,42,10,28,35,13,22,59,16,35,51,21,4,6,11,10,36,17,9,36,11,13-22
2798723,2026,2026-05-23T00:00:00Z,2,Niagara River Lions,,Winnipeg Sea Bears,71,22,65,33,12,35,34,10,30,33,17,21,80,14,25,39,6,5,1,17,6,22,6,10,40,4,17-21
2798729,2026,2026-05-24T22:00:00Z,3,Niagara River Lions,,Edmonton Stingers,101,35,69,50,22,37,59,13,32,40,18,24,75,14,24,38,16,7,2,14,9,38,12,15,17,7,18-24
2798735,2026,2026-05-26T23:30:00Z,4,Niagara River Lions,,Montreal Alliance,87,33,66,50,22,36,61,11,30,36,10,14,71,8,29,37,20,11,4,12,15,36,15,22,15,11,10-14
2798740,2026,2026-05-29T23:00:00Z,5,Niagara River Lions,,Vancouver Bandits,100,39,71,54,29,40,72,10,31,32,12,19,63,9,21,30,27,10,3,12,13,56,16,16,43,8,12-19
2798754,2026,2026-06-03T23:00:00Z,6,Niagara River Lions,,Calgary Surge,88,32,76,42,24,45,53,8,31,25,16,21,76,17,23,40,26,8,2,8,10,42,20,21,40,18,16-21
2798741,2026,2026-06-05T23:00:00Z,7,Niagara River Lions,,Brampton Honey Badgers,86,32,93,34,23,52,44,9,41,21,13,19,68,20,30,50,13,11,8,11,19,40,19,21,22,13,13-19
2798751,2026,2026-06-10T23:00:00Z,8,Niagara River Lions,,Scarborough Shooting Stars,93,34,72,47,23,40,57,11,32,34,14,20,70,16,23,39,22,6,2,14,8,42,15,13,34,13,14-20
2798758,2026,2026-06-13T23:00:00Z,9,Niagara River Lions,,Montreal Alliance,93,36,73,49,26,46,56,10,27,37,11,13,84,13,19,32,22,12,3,11,15,50,14,31,43,10,11-13
2798765,2026,2026-06-15T23:30:00Z,10,Niagara River Lions,,Brampton Honey Badgers,101,36,78,46,18,38,47,18,40,45,11,13,84,13,35,48,24,10,3,14,13,28,10,15,26,12,11-13
2798759,2026,2026-06-19T15:00:00Z,11,Niagara River Lions,,Saskatoon Mamba,77,26,71,36,15,40,37,11,31,35,14,16,87,18,19,37,19,5,2,12,7,28,9,16,41,9,14-16
2798769,2026,2026-06-21T20:00:00Z,12,Niagara River Lions,,Scarborough Shooting Stars,69,25,72,34,20,39,51,5,33,15,14,15,93,11,35,46,17,10,3,21,13,36,7,6,27,21,14-15
2798776,2026,2026-06-26T23:30:00Z,13,Niagara River Lions,,Montreal Alliance,86,31,67,46,26,49,53,5,18,27,19,23,82,11,26,37,19,9,2,13,11,44,12,23,54,18,19-23
2798779,2026,2026-06-28T17:00:00Z,14,Niagara River Lions,,Ottawa BlackJacks,69,25,59,42,21,36,58,4,23,17,15,20,75,5,24,29,20,8,0,15,8,36,3,15,19,9,15-20
2798790,2026,2026-07-04T23:00:00Z,15,Niagara River Lions,,Ottawa BlackJacks,77,26,71,36,13,39,33,13,32,40,12,14,85,15,24,39,18,3,3,7,6,22,15,10,34,2,12-14
2798786,2026,2026-07-10T23:00:00Z,16,Niagara River Lions,,Scarborough Shooting Stars,98,37,75,49,27,45,60,10,30,33,14,21,66,10,30,40,16,9,2,14,11,48,12,19,23,9,14-21
2798792,2026,2026-07-12T19:00:00Z,17,Niagara River Lions,,Montreal Alliance,90,37,65,56,25,42,59,12,23,52,4,8,50,8,21,29,18,5,1,9,6,36,6,9,35,9,4-8
2798798,2026,2026-07-14T16:30:00Z,18,Niagara River Lions,,Brampton Honey Badgers,91,35,60,58,23,31,74,12,29,41,9,17,52,10,23,33,18,6,2,10,8,38,11,22,24,4,9-17
2798802,2026,2026-07-16T23:00:00Z,19,Niagara River Lions,,Brampton Honey Badgers,99,36,68,52,27,38,71,9,30,30,18,22,81,7,27,34,27,9,3,16,12,46,13,19,20,15,18-22
2798808,2026,2026-07-18T19:30:00Z,20,Niagara River Lions,,Edmonton Stingers,91,33,70,47,25,43,58,8,27,29,17,23,73,9,25,34,11,3,2,10,5,40,4,13,14,11,17-23
2798817,2026,2026-07-24T23:30:00Z,21,Niagara River Lions,,Scarborough Shooting Stars,75,30,80,37,20,48,41,10,32,31,5,7,71,19,22,41,22,12,0,12,12,34,9,22,25,11,5-7
2798822,2026,2026-07-26T19:00:00Z,22,Niagara River Lions,,Ottawa BlackJacks,106,35,77,45,20,40,50,15,37,40,21,27,77,18,30,48,23,9,1,10,10,36,17,13,25,11,21-27
2798826,2026,2026-07-30T01:30:00Z,23,Niagara River Lions,,Saskatoon Mamba,83,32,75,42,28,51,54,4,24,16,15,27,55,14,28,42,15,10,1,12,11,48,13,12,22,13,15-27
2798830,2026,2026-08-01T01:30:00Z,24,Niagara River Lions,,Calgary Surge,76,26,58,44,18,31,58,8,27,29,16,21,76,11,29,40,12,7,2,17,9,30,5,4,17,4,16-21
2798718,2026,2026-05-12T23:30:00Z,1,Ottawa BlackJacks,,Calgary Surge,93,33,67,49,26,46,56,7,21,33,20,24,83,8,39,47,17,4,6,16,10,48,10,6,24,20,20-24
2798724,2026,2026-05-15T23:30:00Z,2,Ottawa BlackJacks,,Brampton Honey Badgers,86,27,66,40,20,39,51,7,27,25,25,29,86,11,26,37,22,13,3,14,16,38,9,23,22,31,25-29
2798732,2026,2026-05-18T23:00:00Z,3,Ottawa BlackJacks,,Niagara River Lions,91,30,72,41,20,45,44,10,27,37,21,33,63,11,36,47,20,8,7,10,15,38,10,12,25,19,21-33
2798721,2026,2026-05-21T23:30:00Z,4,Ottawa BlackJacks,,Brampton Honey Badgers,90,31,74,41,21,38,55,10,36,27,18,26,69,15,29,44,24,6,10,15,16,38,11,18,21,28,18-26
2798726,2026,2026-05-23T23:00:00Z,5,Ottawa BlackJacks,,Montreal Alliance,87,33,71,46,31,47,65,2,24,8,19,23,82,10,27,37,14,10,7,11,17,52,8,19,26,21,19-23
2798747,2026,2026-05-31T20:00:00Z,6,Ottawa BlackJacks,,Montreal Alliance,90,33,63,52,23,37,62,10,26,38,14,17,82,10,29,39,24,6,7,16,13,40,11,19,19,18,14-17
2798752,2026,2026-06-02T23:30:00Z,7,Ottawa BlackJacks,,Vancouver Bandits,114,45,74,60,33,50,66,12,24,50,12,16,75,11,35,46,21,5,6,21,11,50,16,16,11,23,12-16
2798739,2026,2026-06-04T23:30:00Z,8,Ottawa BlackJacks,,Winnipeg Sea Bears,88,30,65,46,21,39,53,9,26,34,19,26,73,10,23,33,16,8,4,15,12,34,12,20,27,24,19-26
2798761,2026,2026-06-14T01:00:00Z,9,Ottawa BlackJacks,,Vancouver Bandits,95,37,77,48,23,40,57,14,37,37,7,12,58,7,35,42,19,6,1,12,7,40,9,16,26,20,7-12
2798768,2026,2026-06-16T01:30:00Z,10,Ottawa BlackJacks,,Saskatoon Mamba,94,38,93,40,31,59,52,7,34,20,11,12,91,23,34,57,9,3,3,10,6,60,30,13,24,16,11-12
2798762,2026,2026-06-19T23:30:00Z,11,Ottawa BlackJacks,,Scarborough Shooting Stars,80,26,68,38,18,37,48,8,31,25,20,25,80,10,23,33,17,8,14,12,22,32,6,13,24,15,20-25
2798771,2026,2026-06-21T23:00:00Z,12,Ottawa BlackJacks,,Saskatoon Mamba,98,37,74,50,26,53,49,11,21,52,13,17,76,13,28,41,25,5,8,11,13,40,13,10,15,20,13-17
2798773,2026,2026-06-23T23:30:00Z,13,Ottawa BlackJacks,,Scarborough Shooting Stars,88,33,76,43,25,47,53,8,29,27,14,22,63,17,33,50,21,4,12,15,16,34,20,8,36,23,14-22
2798779,2026,2026-06-28T17:00:00Z,14,Ottawa BlackJacks,,Niagara River Lions,92,34,67,50,21,36,58,13,31,41,11,13,84,10,32,42,22,7,3,16,10,38,5,14,23,16,11-13
2798784,2026,2026-07-02T23:30:00Z,15,Ottawa BlackJacks,,Brampton Honey Badgers,76,26,62,41,19,34,55,7,28,25,17,21,80,7,37,44,18,8,8,16,16,34,5,18,19,31,17-21
2798790,2026,2026-07-04T23:00:00Z,16,Ottawa BlackJacks,,Niagara River Lions,86,30,62,48,19,40,47,11,22,50,15,17,88,8,30,38,20,3,5,10,8,36,11,5,11,16,15-17
2798801,2026,2026-07-08T23:30:00Z,17,Ottawa BlackJacks,,Montreal Alliance,104,34,68,50,13,29,44,21,39,53,15,18,83,16,30,46,23,3,4,12,7,20,21,10,26,13,15-18
2798796,2026,2026-07-12T20:00:00Z,18,Ottawa BlackJacks,,Brampton Honey Badgers,98,35,67,52,26,40,65,9,27,33,19,25,76,7,33,40,28,2,6,10,8,44,10,2,24,16,19-25
2798810,2026,2026-07-18T23:00:00Z,19,Ottawa BlackJacks,,Scarborough Shooting Stars,102,35,75,46,21,43,48,14,32,43,18,22,81,11,35,46,18,7,7,14,14,40,15,17,15,19,18-22
2798814,2026,2026-07-22T23:30:00Z,20,Ottawa BlackJacks,,Scarborough Shooting Stars,106,34,76,44,22,40,55,12,36,33,26,34,76,17,23,40,27,7,3,10,10,42,15,14,34,17,26-34
2798818,2026,2026-07-24T23:30:00Z,21,Ottawa BlackJacks,,Montreal Alliance,85,29,70,41,18,38,47,11,32,34,16,22,72,12,20,32,19,9,3,9,12,22,16,15,9,8,16-22
2798822,2026,2026-07-26T19:00:00Z,22,Ottawa BlackJacks,,Niagara River Lions,102,35,67,52,22,36,61,13,31,41,19,21,90,4,25,29,26,4,3,9,7,40,2,10,36,17,19-21
2798828,2026,2026-08-01T00:00:00Z,23,Ottawa BlackJacks,,Winnipeg Sea Bears,92,36,79,45,28,53,52,8,26,30,12,17,70,10,33,43,14,4,5,9,9,52,11,13,24,23,12-17
2798833,2026,2026-08-02T22:00:00Z,24,Ottawa BlackJacks,,Edmonton Stingers,96,32,77,41,25,56,44,7,21,33,25,36,69,17,39,56,21,9,5,13,14,46,17,13,33,14,25-36
2798720,2026,2026-05-14T16:30:00Z,1,Saskatoon Mamba,,Vancouver Bandits,95,36,72,50,25,42,59,11,30,36,12,17,70,12,25,37,15,5,5,21,10,42,8,16,38,11,12-17
2798727,2026,2026-05-17T00:00:00Z,2,Saskatoon Mamba,,Winnipeg Sea Bears,96,37,75,49,24,45,53,13,30,43,9,12,75,15,26,41,17,5,5,18,10,40,19,11,30,20,9-12
2798716,2026,2026-05-19T23:30:00Z,3,Saskatoon Mamba,,Montreal Alliance,80,27,71,38,16,44,36,11,27,40,15,25,60,15,23,38,13,8,7,16,15,32,18,21,33,14,15-25
2798719,2026,2026-05-21T15:00:00Z,4,Saskatoon Mamba,,Scarborough Shooting Stars,103,37,88,42,21,55,38,16,33,48,13,18,72,15,29,44,24,8,7,15,15,34,12,20,47,8,13-18
2798742,2026,2026-05-30T01:30:00Z,5,Saskatoon Mamba,,Winnipeg Sea Bears,100,37,76,48,27,48,56,10,28,35,16,19,84,15,31,46,23,6,2,16,8,50,21,11,32,11,16-19
2798748,2026,2026-05-31T22:00:00Z,6,Saskatoon Mamba,,Scarborough Shooting Stars,90,30,84,35,21,54,38,9,30,30,21,28,75,23,32,55,17,4,4,12,8,40,24,12,25,11,21-28
2798746,2026,2026-06-07T01:00:00Z,7,Saskatoon Mamba,,Vancouver Bandits,85,34,80,42,26,49,53,8,31,25,9,14,64,9,33,42,19,9,5,10,14,46,9,14,38,13,9-14
2798755,2026,2026-06-11T01:30:00Z,8,Saskatoon Mamba,,Calgary Surge,94,37,84,44,22,51,43,15,33,45,5,15,33,15,36,51,19,7,5,9,12,44,11,10,18,10,5-15
2798768,2026,2026-06-16T01:30:00Z,9,Saskatoon Mamba,,Ottawa BlackJacks,96,36,80,45,28,44,63,8,36,22,16,25,64,14,32,46,18,5,2,8,7,48,22,13,33,20,16-25
2798759,2026,2026-06-19T15:00:00Z,10,Saskatoon Mamba,,Niagara River Lions,104,38,68,55,22,40,55,16,28,57,12,14,85,9,27,36,23,5,5,10,10,38,6,18,18,20,12-14
2798771,2026,2026-06-21T23:00:00Z,11,Saskatoon Mamba,,Ottawa BlackJacks,101,36,79,45,23,43,53,13,36,36,16,20,80,15,26,41,21,7,3,8,10,40,13,20,25,17,16-20
2798775,2026,2026-06-25T01:30:00Z,12,Saskatoon Mamba,,Edmonton Stingers,108,34,70,48,20,36,55,14,34,41,26,32,81,15,32,47,26,3,1,19,4,38,18,6,39,18,26-32
2798780,2026,2026-06-28T22:00:00Z,13,Saskatoon Mamba,,Edmonton Stingers,103,32,71,45,20,36,55,12,35,34,27,33,81,8,39,47,10,8,7,27,15,38,10,14,14,18,27-33
2798781,2026,2026-07-01T00:00:00Z,14,Saskatoon Mamba,,Winnipeg Sea Bears,96,34,77,44,19,41,46,15,36,41,13,15,86,10,28,38,27,4,5,12,9,38,14,5,34,17,13-15
2798787,2026,2026-07-04T01:30:00Z,15,Saskatoon Mamba,,Calgary Surge,96,34,78,43,22,45,48,12,33,36,16,22,72,16,32,48,17,9,5,17,14,40,24,20,39,10,16-22
2798799,2026,2026-07-08T01:30:00Z,16,Saskatoon Mamba,,Vancouver Bandits,85,33,71,46,22,40,55,11,31,35,8,11,72,15,26,41,21,4,4,15,8,40,8,9,26,2,8-11
2798800,2026,2026-07-16T01:30:00Z,17,Saskatoon Mamba,,Winnipeg Sea Bears,83,29,69,42,21,43,48,8,26,30,17,21,80,9,27,36,15,3,7,12,10,36,8,13,34,8,17-21
2798811,2026,2026-07-19T22:00:00Z,18,Saskatoon Mamba,,Calgary Surge,116,42,67,62,24,39,61,18,28,64,14,16,87,8,22,30,21,4,2,7,6,46,2,14,21,5,14-16
2798812,2026,2026-07-22T01:30:00Z,19,Saskatoon Mamba,,Edmonton Stingers,96,35,80,43,22,31,70,13,49,26,13,20,65,8,28,36,25,11,3,10,14,38,7,18,29,4,13-20
2798816,2026,2026-07-24T01:30:00Z,20,Saskatoon Mamba,,Brampton Honey Badgers,98,36,71,50,20,34,58,16,37,43,10,11,90,6,20,26,23,6,4,11,10,38,6,19,49,17,10-11
2798821,2026,2026-07-26T01:00:00Z,21,Saskatoon Mamba,,Vancouver Bandits,97,36,78,46,24,40,60,12,38,31,13,20,65,12,35,47,21,9,9,15,18,40,11,7,25,16,13-20
2798826,2026,2026-07-30T01:30:00Z,22,Saskatoon Mamba,,Niagara River Lions,94,36,71,50,26,44,59,10,27,37,12,17,70,9,35,44,31,7,8,16,15,46,9,15,36,19,12-17
2798829,2026,2026-08-01T01:00:00Z,23,Saskatoon Mamba,,Edmonton Stingers,107,35,75,46,21,41,51,14,34,41,23,27,85,15,29,44,22,8,1,13,9,36,11,15,18,7,23-27
2798722,2026,2026-05-15T23:30:00Z,1,Scarborough Shooting Stars,,Montreal Alliance,91,30,73,41,23,47,48,7,26,26,24,31,77,13,30,43,22,8,3,15,11,46,11,23,21,9,24-31
2798734,2026,2026-05-19T15:00:00Z,2,Scarborough Shooting Stars,,Winnipeg Sea Bears,103,38,76,50,26,50,52,12,26,46,15,26,57,14,30,44,20,5,5,14,10,46,27,16,24,15,15-26
2798719,2026,2026-05-21T15:00:00Z,3,Scarborough Shooting Stars,,Saskatoon Mamba,107,38,86,44,28,53,52,10,33,30,21,28,75,22,37,59,15,9,5,16,14,52,25,19,25,23,21-28
2798738,2026,2026-05-29T01:30:00Z,4,Scarborough Shooting Stars,,Calgary Surge,106,39,77,50,23,45,51,16,32,50,12,18,66,14,32,46,22,5,2,14,7,44,22,16,31,8,12-18
2798748,2026,2026-05-31T22:00:00Z,5,Scarborough Shooting Stars,,Saskatoon Mamba,88,37,82,45,32,52,61,5,30,16,9,17,52,14,35,49,19,7,7,12,14,62,17,8,30,17,9-17
2798745,2026,2026-06-06T23:00:00Z,6,Scarborough Shooting Stars,,Calgary Surge,96,35,79,44,22,49,44,13,30,43,13,15,86,16,36,52,26,4,6,17,10,34,19,15,38,8,13-15
2798751,2026,2026-06-10T23:00:00Z,7,Scarborough Shooting Stars,,Niagara River Lions,104,39,79,49,25,47,53,14,32,43,12,13,92,17,24,41,24,8,2,12,10,46,30,20,31,7,12-13
2798760,2026,2026-06-14T01:00:00Z,8,Scarborough Shooting Stars,,Edmonton Stingers,95,34,71,47,25,45,55,9,26,34,18,21,85,11,35,46,15,9,3,18,12,44,12,20,43,12,18-21
2798770,2026,2026-06-16T02:00:00Z,9,Scarborough Shooting Stars,,Vancouver Bandits,108,36,70,51,23,37,62,13,33,39,23,33,69,15,22,37,15,6,6,14,12,34,15,26,33,10,23-33
2798762,2026,2026-06-19T23:30:00Z,10,Scarborough Shooting Stars,,Ottawa BlackJacks,108,36,81,44,26,55,47,10,26,38,26,29,89,24,32,56,23,7,3,12,10,50,33,19,36,27,26-29
2798769,2026,2026-06-21T20:00:00Z,11,Scarborough Shooting Stars,,Niagara River Lions,75,22,70,31,18,41,43,4,29,13,27,34,79,15,35,50,13,11,9,19,20,36,12,13,24,9,27-34
2798773,2026,2026-06-23T23:30:00Z,12,Scarborough Shooting Stars,,Ottawa BlackJacks,86,34,83,40,24,52,46,10,31,32,8,16,50,19,28,47,23,9,3,12,12,44,19,11,41,14,8-16
2798777,2026,2026-06-27T23:00:00Z,13,Scarborough Shooting Stars,,Brampton Honey Badgers,82,30,86,34,23,60,38,7,26,26,15,28,53,27,46,73,23,9,12,17,21,38,13,10,43,15,15-28
2798782,2026,2026-07-01T20:00:00Z,14,Scarborough Shooting Stars,,Montreal Alliance,80,28,73,38,22,54,40,6,19,31,18,30,60,15,32,47,15,12,7,11,19,42,19,14,47,20,18-30
2798785,2026,2026-07-03T23:30:00Z,15,Scarborough Shooting Stars,,Montreal Alliance,97,36,75,48,26,47,55,10,28,35,15,19,78,10,25,35,27,10,4,8,14,48,12,20,20,29,15-19
2798795,2026,2026-07-05T20:00:00Z,16,Scarborough Shooting Stars,,Brampton Honey Badgers,99,35,77,45,28,48,58,7,29,24,22,31,70,17,27,44,22,10,2,12,12,54,14,17,29,22,22-31
2798786,2026,2026-07-10T23:00:00Z,17,Scarborough Shooting Stars,,Niagara River Lions,89,33,73,45,24,46,52,9,27,33,14,21,66,11,29,40,27,11,4,15,15,48,11,18,34,21,14-21
2798805,2026,2026-07-16T23:30:00Z,18,Scarborough Shooting Stars,,Edmonton Stingers,107,35,71,49,24,41,58,11,30,36,26,33,78,12,32,44,26,12,7,21,19,46,17,22,22,27,26-33
2798810,2026,2026-07-18T23:00:00Z,19,Scarborough Shooting Stars,,Ottawa BlackJacks,89,34,84,40,22,45,48,12,39,30,9,14,64,18,29,47,21,10,2,15,12,40,23,15,33,14,9-14
2798814,2026,2026-07-22T23:30:00Z,20,Scarborough Shooting Stars,,Ottawa BlackJacks,113,45,93,48,32,53,60,13,40,32,10,13,76,23,29,52,26,6,3,12,9,56,22,11,55,10,10-13
2798817,2026,2026-07-24T23:30:00Z,21,Scarborough Shooting Stars,,Niagara River Lions,82,34,72,47,25,42,59,9,30,30,5,9,55,16,33,49,23,7,5,18,12,48,10,13,22,23,5-9
2798823,2026,2026-07-26T20:00:00Z,22,Scarborough Shooting Stars,,Montreal Alliance,91,34,83,40,21,45,46,13,38,34,10,19,52,14,32,46,19,11,9,10,20,34,12,17,29,34,10-19
2798831,2026,2026-08-01T23:00:00Z,23,Scarborough Shooting Stars,,Brampton Honey Badgers,117,39,84,46,20,40,50,19,44,43,20,25,80,12,29,41,21,5,7,5,12,36,17,17,35,19,20-25
2798720,2026,2026-05-14T16:30:00Z,1,Vancouver Bandits,,Saskatoon Mamba,124,48,82,58,37,51,72,11,31,35,17,19,89,10,25,35,21,12,2,8,14,74,20,36,18,21,17-19
2798728,2026,2026-05-17T01:00:00Z,2,Vancouver Bandits,,Edmonton Stingers,78,24,73,32,14,41,34,10,32,31,20,23,86,13,28,41,6,8,2,13,10,22,8,17,2,12,20-23
2798725,2026,2026-05-23T02:00:00Z,3,Vancouver Bandits,,Edmonton Stingers,111,42,89,47,30,53,56,12,36,33,15,21,71,22,27,49,27,11,7,9,18,50,21,27,22,22,15-21
2798731,2026,2026-05-25T00:00:00Z,4,Vancouver Bandits,,Calgary Surge,111,41,74,55,25,45,55,16,29,55,13,15,86,12,25,37,22,9,2,21,11,46,15,24,40,22,13-15
2798740,2026,2026-05-29T23:00:00Z,5,Vancouver Bandits,,Niagara River Lions,110,41,74,55,27,45,60,14,29,48,14,15,93,10,25,35,24,6,0,15,6,42,17,19,40,16,14-15
2798744,2026,2026-05-30T23:00:00Z,6,Vancouver Bandits,,Brampton Honey Badgers,93,33,71,46,21,46,45,12,25,48,15,18,83,12,28,40,22,2,4,9,6,38,18,9,33,9,15-18
2798752,2026,2026-06-02T23:30:00Z,7,Vancouver Bandits,,Ottawa BlackJacks,105,32,74,43,22,45,48,10,29,34,31,37,83,7,20,27,23,14,2,11,16,40,6,24,43,22,31-37
2798746,2026,2026-06-07T01:00:00Z,8,Vancouver Bandits,,Saskatoon Mamba,105,39,81,48,27,54,50,12,27,44,15,18,83,10,38,48,24,4,4,10,8,54,16,13,40,14,15-18
2798761,2026,2026-06-14T01:00:00Z,9,Vancouver Bandits,,Ottawa BlackJacks,104,39,80,48,26,44,59,13,36,36,13,19,68,10,35,45,17,6,2,10,8,42,7,19,23,23,13-19
2798770,2026,2026-06-16T02:00:00Z,10,Vancouver Bandits,,Scarborough Shooting Stars,105,37,64,57,26,40,65,11,24,45,20,27,74,10,22,32,22,9,0,14,9,38,10,19,21,11,20-27
2798757,2026,2026-06-19T00:00:00Z,11,Vancouver Bandits,,Winnipeg Sea Bears,81,26,62,41,19,39,48,7,23,30,22,23,95,3,21,24,9,8,1,13,9,36,0,11,8,20,22-23
2798767,2026,2026-06-21T01:00:00Z,12,Vancouver Bandits,,Brampton Honey Badgers,102,37,71,52,29,48,60,8,23,34,20,27,74,13,28,41,24,10,5,16,15,54,18,20,16,29,20-27
2798778,2026,2026-06-28T01:00:00Z,13,Vancouver Bandits,,Winnipeg Sea Bears,94,37,79,46,26,45,57,11,34,32,9,10,90,11,28,39,21,7,5,11,12,46,11,19,10,13,9-10
2798789,2026,2026-07-04T02:00:00Z,14,Vancouver Bandits,,Edmonton Stingers,93,30,68,44,19,39,48,11,29,37,22,29,75,11,33,44,27,6,6,14,12,34,8,9,16,16,22-29
2798793,2026,2026-07-05T19:30:00Z,15,Vancouver Bandits,,Calgary Surge,84,33,86,38,25,55,45,8,31,25,10,20,50,19,33,52,17,7,2,6,9,46,15,16,16,21,10-20
2798799,2026,2026-07-08T01:30:00Z,16,Vancouver Bandits,,Saskatoon Mamba,92,37,73,50,28,47,59,9,26,34,9,12,75,12,24,36,21,6,8,7,14,54,13,14,28,24,9-12
2798804,2026,2026-07-10T00:30:00Z,17,Vancouver Bandits,,Calgary Surge,80,33,75,44,24,45,53,9,30,30,5,6,83,12,21,33,20,5,4,7,9,46,8,13,22,8,5-6
2798791,2026,2026-07-12T01:00:00Z,18,Vancouver Bandits,,Edmonton Stingers,112,38,78,48,22,39,56,16,39,41,20,25,80,10,37,47,23,7,3,16,10,42,6,24,52,30,20-25
2798807,2026,2026-07-18T02:00:00Z,19,Vancouver Bandits,,Montreal Alliance,93,35,80,43,24,48,50,11,32,34,12,16,75,15,33,48,29,5,7,11,12,46,10,8,46,20,12-16
2798813,2026,2026-07-22T01:30:00Z,20,Vancouver Bandits,,Calgary Surge,86,34,79,43,24,48,50,10,31,32,8,11,72,18,24,42,17,5,5,11,10,44,16,17,34,6,8-11
2798815,2026,2026-07-24T00:00:00Z,21,Vancouver Bandits,,Winnipeg Sea Bears,92,37,73,50,34,58,58,3,15,20,15,22,68,17,33,50,19,7,0,15,7,62,16,17,40,16,15-22
2798821,2026,2026-07-26T01:00:00Z,22,Vancouver Bandits,,Saskatoon Mamba,104,38,91,41,21,53,39,17,38,44,11,13,84,19,31,50,25,8,3,12,11,40,25,21,54,13,11-13
2798825,2026,2026-07-28T23:30:00Z,23,Vancouver Bandits,,Montreal Alliance,82,30,70,42,21,37,56,9,33,27,13,20,65,7,35,42,21,6,7,12,13,40,9,14,38,12,13-20
2798832,2026,2026-08-02T21:00:00Z,24,Vancouver Bandits,,Winnipeg Sea Bears,114,46,84,54,33,53,62,13,31,41,9,14,64,14,33,47,36,9,7,9,16,58,15,14,47,22,9-14
2798717,2026,2026-05-09T19:30:00Z,1,Winnipeg Sea Bears,,Edmonton Stingers,77,28,68,41,21,35,60,7,33,21,14,17,82,14,28,42,21,13,4,20,17,40,12,26,25,10,14-17
2798727,2026,2026-05-17T00:00:00Z,2,Winnipeg Sea Bears,,Saskatoon Mamba,108,41,81,50,34,58,58,7,23,30,19,21,90,15,25,40,20,7,5,9,12,66,20,19,43,24,19-21
2798734,2026,2026-05-19T15:00:00Z,3,Winnipeg Sea Bears,,Scarborough Shooting Stars,101,33,71,46,20,42,47,13,29,44,22,27,81,9,26,35,24,8,4,12,12,40,16,27,28,25,22-27
2798723,2026,2026-05-23T00:00:00Z,4,Winnipeg Sea Bears,,Niagara River Lions,97,34,65,52,22,34,64,12,31,38,17,20,85,7,30,37,21,12,4,11,16,40,7,24,27,24,17-20
2798733,2026,2026-05-25T23:30:00Z,5,Winnipeg Sea Bears,,Brampton Honey Badgers,92,37,66,56,28,49,57,9,17,52,9,11,81,10,19,29,24,8,6,18,14,54,4,18,24,18,9-11
2798742,2026,2026-05-30T01:30:00Z,6,Winnipeg Sea Bears,,Saskatoon Mamba,98,36,78,46,22,45,48,14,33,42,12,19,63,15,25,40,18,5,6,13,11,44,22,21,31,10,12-19
2798739,2026,2026-06-04T23:30:00Z,7,Winnipeg Sea Bears,,Ottawa BlackJacks,117,39,75,52,21,41,51,18,34,52,21,24,87,14,27,41,26,10,1,13,11,40,10,23,34,24,21-24
2798743,2026,2026-06-05T23:30:00Z,8,Winnipeg Sea Bears,,Montreal Alliance,91,31,72,43,26,41,63,5,31,16,24,27,88,9,31,40,21,14,2,20,16,48,10,24,17,17,24-27
2798756,2026,2026-06-13T00:00:00Z,9,Winnipeg Sea Bears,,Calgary Surge,92,35,74,47,26,42,61,9,32,28,13,17,76,9,32,41,15,9,4,10,13,44,12,17,18,19,13-17
2798764,2026,2026-06-14T22:00:00Z,10,Winnipeg Sea Bears,,Calgary Surge,107,41,78,52,33,55,60,8,23,34,17,24,70,16,28,44,18,8,3,11,11,54,16,21,20,14,17-24
2798757,2026,2026-06-19T00:00:00Z,11,Winnipeg Sea Bears,,Vancouver Bandits,114,43,76,56,27,44,61,16,32,50,12,14,85,12,33,45,25,10,2,13,12,52,20,17,33,32,12-14
2798763,2026,2026-06-20T20:00:00Z,12,Winnipeg Sea Bears,,Edmonton Stingers,107,36,83,43,18,40,45,18,43,41,17,21,80,13,30,43,19,13,4,13,17,34,13,24,35,12,17-21
2798778,2026,2026-06-28T01:00:00Z,13,Winnipeg Sea Bears,,Vancouver Bandits,88,31,67,46,26,42,61,5,25,20,21,23,91,7,32,39,23,6,3,12,9,48,12,11,30,21,21-23
2798781,2026,2026-07-01T00:00:00Z,14,Winnipeg Sea Bears,,Saskatoon Mamba,107,41,82,50,26,49,53,15,33,45,10,15,66,14,31,45,25,7,8,10,15,48,9,17,18,25,10-15
2798797,2026,2026-07-05T22:00:00Z,15,Winnipeg Sea Bears,,Edmonton Stingers,100,33,72,45,25,46,54,8,26,30,26,31,83,9,33,42,10,6,3,15,9,46,9,16,9,12,26-31
2798803,2026,2026-07-10T00:00:00Z,16,Winnipeg Sea Bears,,Edmonton Stingers,97,32,75,42,19,41,46,13,34,38,20,24,83,15,25,40,18,6,3,13,9,38,13,13,33,9,20-24
2798794,2026,2026-07-12T19:30:00Z,17,Winnipeg Sea Bears,,Calgary Surge,80,27,80,33,21,53,39,6,27,22,20,28,71,18,37,55,13,9,3,13,12,42,14,15,13,15,20-28
2798800,2026,2026-07-16T01:30:00Z,18,Winnipeg Sea Bears,,Saskatoon Mamba,96,37,76,48,25,43,58,12,33,36,10,18,55,13,31,44,23,6,5,10,11,46,12,18,42,15,10-18
2798806,2026,2026-07-18T01:30:00Z,19,Winnipeg Sea Bears,,Calgary Surge,85,29,69,42,19,40,47,10,29,34,17,22,77,7,38,45,19,4,4,16,8,36,11,10,26,9,17-22
2798809,2026,2026-07-19T22:00:00Z,20,Winnipeg Sea Bears,,Montreal Alliance,109,42,82,51,28,40,70,14,42,33,11,15,73,10,29,39,28,16,4,8,20,50,11,33,14,32,11-15
2798815,2026,2026-07-24T00:00:00Z,21,Winnipeg Sea Bears,,Vancouver Bandits,77,28,68,41,21,39,53,7,29,24,14,19,73,7,21,28,19,12,1,12,13,34,14,14,16,13,14-19
2798820,2026,2026-07-25T19:30:00Z,22,Winnipeg Sea Bears,,Brampton Honey Badgers,86,30,78,38,21,45,46,9,33,27,17,23,73,18,27,45,16,8,3,12,11,36,10,17,12,12,17-23
2798828,2026,2026-08-01T00:00:00Z,23,Winnipeg Sea Bears,,Ottawa BlackJacks,100,40,91,43,29,55,52,11,36,30,9,10,90,18,37,55,25,2,9,8,11,52,16,9,20,21,9-10
2798832,2026,2026-08-02T21:00:00Z,24,Winnipeg Sea Bears,,Vancouver Bandits,90,30,81,37,17,41,41,13,40,32,17,21,80,17,28,45,16,6,2,14,8,28,15,15,38,17,17-21
